﻿<?xml version="1.0" encoding="utf-8"?>
<cfdi:Comprobante xsi:schemaLocation="http://www.sat.gob.mx/cfd/4 http://www.sat.gob.mx/sitio_internet/cfd/4/cfdv40.xsd" xmlns:xsi="http://www.w3.org/2001/XMLSchema-instance" xmlns:xsd="http://www.w3.org/2001/XMLSchema" Sello="" NoCertificado="" Certificado="" CondicionesDePago="" Version="4.0" Serie="" Folio="" Fecha="" LugarExpedicion="64985" FormaPago="01" SubTotal="17241.38" TipoDeComprobante="I" Descuento="" MetodoPago="PUE" Exportacion="01" Total="20000.00" Moneda="MXN" xmlns:cfdi="http://www.sat.gob.mx/cfd/4">
  <cfdi:Emisor RegimenFiscal="612" Nombre="codigo estudiante" Rfc="XIXIXIXIXIXIX" />
  <cfdi:Receptor RegimenFiscalReceptor="603" Nombre="test" Rfc="test" DomicilioFiscalReceptor="" ResidenciaFiscal="test" UsoCFDI="G03" NumRegIdTrib="" CorreoElectronico="test@gmail.com" />
  <cfdi:Conceptos>
    <cfdi:Concepto ObjetoImp="02" Importe="20000.00" ValorUnitario="20000.00" Descripcion="tet" Unidad="No aplica" ClaveUnidad="H87" Cantidad="1">
      <cfdi:Impuestos>
        <cfdi:Traslados>
          <cfdi:Traslado Importe="320000.0000" TasaOCuota="0.160000" TipoFactor="Tasa" Impuesto="002" Base="20000.00" />
        </cfdi:Traslados>
      </cfdi:Impuestos>
    </cfdi:Concepto>
  </cfdi:Conceptos>
  <cfdi:Impuestos TotalImpuestosTrasladados="2758.62">
    <cfdi:Traslados>
      <cfdi:Traslado Importe="2758.62" TasaOCuota="0.160000" TipoFactor="Tasa" Impuesto="002" Base="17241.38" />
    </cfdi:Traslados>
  </cfdi:Impuestos>
</cfdi:Comprobante>